,DateTime,Latitude,Longitude,Depth,Magnitude,MagType,NbStations,Gap,Distance,RMS,Source,EventID
0,00:40.2,24.139,102.50299999999999,31.0,7.5,Ms,90.0,,,0.0,NEI,1970010440.0
1,35:51.8,-9.628,151.458,8.0,6.2,Ms,85.0,,,0.0,NEI,1970010640.0
2,58:39.8,-17.649,-171.18400000000003,33.0,6.4,Ms,148.0,,,0.0,NEI,1980020340.0
3,44:36.6,1.621,126.55799999999999,33.0,6.0,Me,198.0,,,1.1,NEI,1996050710.0
4,53:27.6,43.207,138.92,226.5,6.5,Me,442.0,,,0.89,NEI,1996122210.0
5,51:38.5,7.017,-104.29799999999999,33.0,6.6,Ms,140.0,,,0.0,NEI,1970012140.0
6,43:06.1,-10.491,160.77,33.0,7.3,Mw,457.0,,,0.84,NEI,2003012040.0
7,43:33.3,14.376,-92.897,14.0,6.0,Mw,558.0,,,1.09,NEI,2012050120.0
8,10:41.6,23.096,100.775,33.0,6.1,Ms,57.0,,,0.0,NEI,1970020640.0
9,25:50.9,31.583000000000002,102.43299999999999,14.6,6.1,Mb,441.0,,,1.08,NEI,1989092240.0
10,51:29.7,12.515999999999998,143.181,76.0,6.8,Mw,330.0,,,0.96,NEI,2008050940.0
11,08:57.9,-26.708000000000002,-70.918,28.9,6.2,Ms,399.0,,,1.12,NEI,1993031540.0
12,51:09.4,-22.125999999999998,126.721,33.0,6.0,Mb,20.0,,,0.0,NEI,1975100340.0
13,26:43.3,38.632,30.901999999999997,10.0,6.0,Mw,450.0,,,0.91,NEI,2002020340.0
14,13:29.4,-51.777,161.31799999999998,10.0,6.6,Mw,73.0,,,1.33,NEI,2007111040.0
15,23:19.6,58.67,-142.78,10.0,6.7,ML,0.0,,,,AK,
16,24:11.0,-41.523,80.416,10.0,6.1,Mw,74.0,,,1.4,NEI,1996081910.0
17,19:45.2,42.589,45.104,16.4,6.1,Mb,591.0,,,1.03,NEI,1992102340.0
18,13:15.1,50.169,91.25200000000001,33.0,6.7,Ms,159.0,,,0.0,NEI,1970051540.0
19,24:38.4,-57.776,-25.465999999999998,33.0,6.1,Me,119.0,,,0.97,NEI,1997060210.0
20,36:10.2,-9.296,-79.0,49.0,6.0,Mb,99.0,,,0.0,NEI,1970060140.0
21,38:53.5,42.605,79.708,15.0,6.1,Mw,548.0,14.0,1.0,0.76,NEI,2013012820.0
22,22:23.4,-59.013999999999996,158.28,14.4,6.1,Mw,306.0,,,0.97,NEI,1995101340.0
23,28:38.4,-3.03,139.47,33.0,6.0,Mb,17.0,,,0.0,NEI,1971011540.0
24,00:11.3,-51.95399999999999,-73.84899999999999,33.0,6.6,Ms,85.0,,,0.0,NEI,1970061440.0
25,10:43.7,-9.952,117.319,33.0,6.3,Ms,91.0,,,0.0,NEI,1977100740.0
26,14:52.4,-54.336000000000006,-63.645,33.0,7.0,Ms,66.0,,,0.0,NEI,1970061540.0
27,54:40.2,50.724,-130.092,19.7,6.0,Mb,322.0,,,1.02,NEI,1992040640.0
28,56:15.3,-51.035,139.487,33.0,6.0,Ms,29.0,,,0.0,NEI,1970070240.0
29,23:34.0,25.623,125.04299999999999,11.1,6.0,Mw,306.0,,,1.03,NEI,2007042040.0
30,13:59.7,25.19,96.514,33.0,6.1,Ms,83.0,,,0.0,NEI,1971053140.0
31,52:19.5,37.824,55.876000000000005,19.0,6.6,Ms,114.0,,,0.0,NEI,1970073040.0
32,19:07.6,13.902999999999999,51.678999999999995,10.0,6.0,Mw,265.0,,,1.38,NEI,2001061540.0
33,08:05.4,-1.459,-72.558,651.0,7.1,Mb,205.0,,,0.0,NEI,1970073140.0
34,10:04.3,61.02,-147.14,17.0,6.4,ML,0.0,,,,AK,
35,14:42.4,-56.883,-141.654,12.0,6.3,Me,336.0,,,1.03,NEI,1995082340.0
36,38:22.0,53.2083,152.7654,580.21,6.7,Mw,,11.0,3.0,1.33,us,2013100120.0
37,51:22.1,18.726,145.628,176.5,6.3,Me,199.0,,,1.2,NEI,1996071510.0
38,16:07.9,1.1420000000000001,-77.4,145.0,6.9,Mw,495.0,25.0,1.0,0.89,NEI,2013020920.0
39,53:04.8,-3.591,86.161,33.0,6.3,Ms,104.0,,,0.0,NEI,1970101040.0
40,56:23.4,-0.544,99.26100000000001,55.7,7.0,Me,506.0,,,0.92,NEI,1998040110.0
41,43:11.6,35.28,-35.729,10.0,6.3,Mw,504.0,,,0.98,NEI,2003040240.0
42,01:18.7,-11.681,-14.087,33.0,6.0,Ms,68.0,,,0.0,NEI,1970112940.0
43,59:20.1,-0.593,-80.393,33.0,7.2,Me,412.0,,,0.94,NEI,1998080410.0
44,10:11.8,-55.945,-3.361,10.0,6.5,Ms,80.0,,,1.27,NEI,1995052340.0
45,04:21.8,-63.453,-61.215,33.0,7.0,Ms,54.0,,,0.0,NEI,1971020840.0
46,50:23.2,33.96,-116.31700000000001,12.33,6.1,Mw,150.0,,,0.26,CI,30196.0
47,58:47.4,71.19,-8.263,10.0,6.0,Mw,426.0,,,0.95,NEI,2000052140.0
48,27:58.6,35.389,99.34299999999999,10.0,6.1,Mw,432.0,,,0.99,NEI,2000091240.0
49,59:27.9,-55.294,-128.843,10.0,6.2,Mw,148.0,,,1.04,NEI,2011110220.0
50,23:19.9,11.769,95.052,33.0,6.3,Ms,62.0,,,0.0,NEI,1971032840.0
51,49:03.7,-56.083,-123.27,10.0,6.2,Mw,164.0,,,1.21,NEI,2007033140.0
52,38:26.5,28.343000000000004,57.193000000000005,33.0,6.6,Me,368.0,,,0.92,NEI,1999030410.0
53,25:01.7,-39.779,-104.844,33.0,6.2,Mb,116.0,,,0.0,NEI,1971050940.0
54,27:56.3,65.9,-164.0,100.0,6.1,ML,0.0,,,,AK,
55,44:43.8,63.95,146.112,33.0,6.6,Ms,167.0,,,0.0,NEI,1971051840.0
56,27:04.7,39.007,40.464,10.0,6.4,Mw,504.0,,,1.09,NEI,2003050140.0
57,18:49.3,33.093,92.92399999999999,33.0,6.1,Ms,147.0,,,0.0,NEI,1975050540.0
58,17:11.9,17.984,-69.33800000000001,23.9,6.0,Mb,331.0,,,1.0,NEI,1984062440.0
59,27:13.9,-5.249,96.93299999999999,25.0,6.4,Ms,130.0,,,0.0,NEI,1971062640.0
60,13:55.5,39.457,73.83,9.0,7.3,Ms,122.0,,,0.0,NEI,1974081140.0
61,52:36.8,-0.674,-19.689,10.0,6.6,Mw,276.0,,,1.2,NEI,2003110941.0
62,41:26.1,-60.94,154.25,10.0,6.2,Mw,50.0,,,1.24,NEI,2002040740.0
63,59:52.6,46.251000000000005,140.939,16.0,6.2,Ms,138.0,,,0.0,NEI,1971090840.0
64,17:54.6,26.765,-110.777,33.0,6.6,Ms,204.0,,,0.0,NEI,1971093040.0
65,24:11.0,-0.46299999999999997,-4.841,33.0,6.0,Mb,92.0,,,0.0,NEI,1971093040.0
66,46:06.4,-14.312000000000001,171.28400000000002,33.0,6.0,Mb,130.0,,,1.19,NEI,1984112340.0
67,04:05.0,-54.669,1.765,10.0,6.2,Mw,79.0,,,1.22,NEI,2006022340.0
68,26:04.9,-56.211000000000006,146.72299999999998,10.0,6.3,Mw,149.0,,,1.1,NEI,1999122440.0
69,26:19.9,-54.381,5.9079999999999995,33.0,6.1,Ms,34.0,,,0.0,NEI,1971120740.0
70,54:44.1,36.19,70.896,98.7,6.6,Mb,509.0,,,1.01,NEI,1985072940.0
71,03:07.9,28.714000000000002,52.128,24.0,6.0,Mb,208.0,,,0.0,NEI,1976042240.0
72,21:15.7,0.9670000000000001,-28.285999999999998,33.0,6.4,Ms,112.0,,,0.0,NEI,1972041140.0
73,20:48.2,-31.357,-111.064,33.0,6.1,Ms,64.0,,,0.0,NEI,1972042440.0
74,14:20.2,37.216,22.693,75.0,6.2,Mw,640.0,,,1.22,NEI,2008010640.0
75,30:10.4,-54.8,-135.252,10.0,6.0,Mw,90.0,,,1.28,NEI,2010051940.0
76,33:34.6,57.84,-137.33,33.0,6.7,Ms,116.0,,,0.0,NEI,1973070140.0
77,35:48.5,-3.2430000000000003,130.763,33.0,6.0,Ms,87.0,,,0.0,NEI,1972091140.0
78,45:36.2,19.777,-70.673,10.0,6.4,Mw,494.0,,,1.06,NEI,2003092240.0
79,47:16.9,-30.215999999999998,60.688,33.0,6.1,Mb,16.0,,,0.0,NEI,1972102940.0
80,34:30.5,-8.193999999999999,112.413,151.6,6.6,Mw,418.0,,,1.39,NEI,1998092810.0
81,59:29.7,76.786,-107.038,33.0,6.0,Ms,65.0,,,0.0,NEI,1972122740.0
82,47:44.4,-35.56,-17.04,10.0,6.4,Ms,42.0,,,1.09,NEI,1981060340.0
83,09:08.3,-45.475,96.288,33.0,6.1,Ms,30.0,,,0.0,NEI,1973020840.0
84,35:55.4,-61.037,-37.881,33.0,6.4,Mb,76.0,,,0.0,NEI,1973022540.0
85,25:12.0,-58.2081,-12.9503,26.09,6.7,Mw,,61.0,14.0,1.24,us,2013102420.0
86,12:18.9,64.89,-159.49,0.0,6.0,ML,0.0,,,,AK,
87,13:00.1,19.4293,-155.452,10.97,6.72,Md,36.0,56.0,4.0,0.12,HV,830029.0
88,22:57.0,-47.79600000000001,99.661,33.0,6.3,Ms,38.0,,,0.0,NEI,1973060140.0
89,51:21.0,35.178000000000004,86.48100000000001,33.0,6.9,Ms,130.0,,,0.0,NEI,1973071440.0
90,49:54.2,32.571,104.249,33.0,6.4,Ms,177.0,,,0.0,NEI,1976082140.0
91,57:08.7,42.853,131.572,513.6,6.0,Mw,487.0,,,0.8,NEI,2000021340.0
92,59:57.3,73.351,55.078,0.0,6.5,Mb,102.0,,,0.0,NEI,1975102140.0
93,13:34.0,-4.387,-102.00299999999999,33.0,6.1,Mb,108.0,,,0.0,NEI,1973092140.0
94,52:54.0,-22.059,-63.555,527.0,6.0,Mw,571.0,,,0.91,NEI,2012060220.0
95,47:21.6,-38.954,46.18,33.0,6.1,Ms,53.0,,,0.0,NEI,1974010840.0
96,34:11.0,11.86,92.37200000000001,19.0,6.1,Mw,442.0,,,0.89,NEI,2006020340.0
97,25:15.0,28.243000000000002,104.015,11.0,6.8,Ms,112.0,,,0.0,NEI,1974051040.0
98,57:50.7,-8.866,-75.071,129.0,6.0,Mw,524.0,,,0.8,NEI,2012111010.0
99,08:26.2,10.876,-61.756,53.0,6.1,Mw,603.0,,,0.92,NEI,2006092940.0
100,55:19.7,-33.416,56.875,33.0,6.6,Ms,22.0,,,0.0,NEI,1974061940.0
101,22:19.3,-26.09,84.28,33.0,6.6,Ms,49.0,,,0.0,NEI,1974062540.0
102,30:42.1,45.136,94.03399999999999,33.0,6.7,Ms,133.0,,,0.0,NEI,1974070440.0
103,28:17.2,-0.278,12.917,33.0,6.2,Ms,122.0,,,0.0,NEI,1974092340.0
104,59:49.8,-12.5,-77.786,6.0,7.2,Ms,131.0,,,0.0,NEI,1974110940.0
105,35:10.6,16.737000000000002,-61.43,63.3,6.0,Mb,282.0,,,1.0,NEI,1982013040.0
106,53:19.7,52.718,-33.677,10.0,6.8,Mw,447.0,,,0.83,NEI,1998021610.0
107,59:56.3,70.843,53.69,0.0,6.7,Mb,254.0,,,0.0,NEI,1975101840.0
108,21:41.2,-53.566,-28.345,33.0,6.0,Mb,41.0,,,0.0,NEI,1974112040.0
109,43:01.6,63.02,-150.16,88.0,6.4,ML,0.0,,,,AK,
110,34:41.3,29.406,101.709,33.0,6.0,Ms,84.0,,,0.0,NEI,1975011540.0
111,12:08.1,31.95,78.521,33.0,6.0,Mb,66.0,,,0.0,NEI,1975011940.0
112,36:07.5,40.641,122.58,33.0,7.4,Ms,166.0,,,0.0,NEI,1975020440.0
113,31:06.0,42.0628,-112.5247,5.0,6.0,ML,11.0,159.0,33.0,0.13,UU,
114,34:36.6,10.04,-69.755,33.0,6.1,Ms,111.0,,,0.0,NEI,1975040540.0
115,32:50.8,-36.28,-97.95299999999999,10.0,6.0,Ms,46.0,,,0.0,NEI,1979061040.0
116,40:29.2,33.033,82.285,27.0,6.0,Ms,156.0,,,0.0,NEI,1978040440.0
117,11:51.5,35.997,-17.649,33.0,7.9,Ms,304.0,,,0.0,NEI,1975052640.0
118,37:41.4,38.759,129.99,560.0,6.2,Mb,298.0,,,0.0,NEI,1975062940.0
119,54:12.1,44.6883,-110.6037,3.98,6.1,Mc,16.0,101.0,21.0,0.14,WY,
120,04:42.4,21.485,94.7,157.0,6.5,Mb,186.0,,,0.0,NEI,1975070840.0
121,04:35.1,-38.775,78.695,10.0,6.1,Ms,55.0,,,1.3,NEI,1986122840.0
122,37:11.7,-34.759,81.84899999999999,33.0,6.1,Ms,157.0,,,0.0,NEI,1975091940.0
123,32:43.1,30.598000000000003,67.455,14.0,6.4,Mw,277.0,,,1.43,NEI,2008102940.0
124,39:43.0,-56.772,-68.47800000000001,14.0,6.5,Ms,81.0,,,0.0,NEI,1975122940.0
125,29:19.5,66.157,-16.582,33.0,6.4,Ms,160.0,,,0.0,NEI,1976011340.0
126,45:09.5,15.888,-88.516,22.0,6.4,Ms,185.0,,,0.0,NEI,1980080940.0
127,56:19.4,-57.678999999999995,-65.308,15.0,6.2,Mw,288.0,,,1.32,NEI,2012041420.0
128,39:35.5,3.929,-85.88,33.0,6.5,Ms,179.0,,,0.0,NEI,1976032940.0
129,30:23.4,40.381,63.619,33.0,6.0,Mb,253.0,,,0.0,NEI,1978060440.0
130,31:40.5,-45.553999999999995,166.356,10.0,6.1,Mw,163.0,,,1.12,NEI,2009080540.0
131,15:19.9,46.302,13.197000000000001,10.0,6.0,Ms,257.0,,,0.0,NEI,1976091540.0
132,15:18.9,-17.646,66.116,10.0,6.2,Mw,358.0,,,1.27,NEI,2003052840.0
133,41:25.4,-21.906999999999996,-113.33200000000001,33.0,6.2,Ms,47.0,,,0.0,NEI,1976072640.0
134,56:39.3,4.956,118.30799999999999,33.0,6.2,Ms,100.0,,,0.0,NEI,1976072640.0
135,42:54.6,39.57,117.978,23.0,7.9,Ms,248.0,,,0.0,NEI,1976072740.0
136,46:55.9,26.855999999999998,97.238,33.0,6.3,Mw,402.0,,,0.86,NEI,2000060740.0
137,13:15.7,-29.349,77.65899999999999,33.0,6.5,Ms,124.0,,,0.0,NEI,1976110240.0
138,04:08.9,27.605,101.052,33.0,6.5,Ms,158.0,,,0.0,NEI,1976110640.0
139,21:22.1,33.918,59.74100000000001,33.0,6.6,Ms,205.0,,,0.0,NEI,1979111440.0
140,41:22.9,38.722,43.513000000000005,16.0,7.3,Mw,694.0,,,0.94,NEI,2011102320.0
141,03:16.2,40.556,-125.539,10.0,6.8,Ms,527.0,,,1.14,NEI,1995021940.0
142,39:41.3,38.146,91.007,27.0,6.3,Ms,141.0,,,0.0,NEI,1977010140.0
143,27:41.3,-42.343,172.798,9.8,6.0,Ms,102.0,,,1.31,NEI,1990021040.0
144,32:25.6,-26.868000000000002,-63.148999999999994,598.3,6.0,Mw,495.0,,,0.82,NEI,2006092240.0
145,29:18.9,-66.44800000000001,-82.584,33.0,6.2,Ms,118.0,,,0.0,NEI,1977020540.0
146,21:54.1,45.772,26.761,94.0,6.4,Mb,301.0,,,0.0,NEI,1977030440.0
147,35:34.8,7.313,-34.897,8.0,6.5,Mw,556.0,,,0.85,NEI,2008052340.0
148,00:32.8,25.51,143.112,33.0,6.8,Ms,220.0,,,0.0,NEI,1977122140.0
149,39:35.2,-14.12,-14.433,33.0,6.0,Mb,82.0,,,0.0,NEI,1977061440.0
150,35:49.5,23.771,-45.368,9.7,6.1,Mb,557.0,,,0.82,NEI,1991061040.0
151,26:40.4,-27.914,173.084,33.0,6.7,Ms,268.0,,,0.0,NEI,1977101740.0
152,20:11.3,32.693000000000005,88.38799999999999,33.0,6.5,Ms,199.0,,,0.0,NEI,1977111840.0
153,59:02.8,-31.704,-68.232,107.3,6.3,Unk,293.0,,,1.02,NEI,1993103040.0
154,59:58.5,-21.894000000000002,-138.959,0.0,6.0,Mb,131.0,,,0.0,NEI,1977112440.0
155,14:18.6,17.359,-54.848,33.0,6.4,Ms,201.0,,,0.0,NEI,1977121340.0
156,45:36.7,16.659000000000002,40.278,33.0,6.6,Ms,186.0,,,0.0,NEI,1977122840.0
157,26:26.7,5.734,-32.904,33.0,6.1,Ms,66.0,,,0.0,NEI,1978021140.0
158,14:54.4,-4.843999999999999,125.412,510.0,6.3,Mb,100.0,,,0.0,NEI,1978022140.0
159,42:36.3,29.801,-67.4,20.0,6.1,Mb,272.0,,,0.0,NEI,1978032440.0
160,49:35.5,9.59,-78.96600000000001,38.0,6.1,Mw,358.0,,,0.95,NEI,2009070440.0
161,00:39.5,-44.806000000000004,-80.15899999999999,10.0,6.3,Mw,225.0,,,1.44,NEI,2012051820.0
162,17:46.0,-47.09,33.62,10.0,6.2,Mw,241.0,,,1.19,NEI,2005080740.0
163,36:57.3,49.898,78.925,0.0,6.0,Mb,214.0,,,0.0,NEI,1978091540.0
164,35:56.6,33.385999999999996,57.434,33.0,7.4,Ms,197.0,,,0.0,NEI,1978091640.0
165,57:18.6,38.075,48.05,10.0,6.1,Mw,315.0,,,1.14,NEI,1997022810.0
166,05:20.6,32.139,49.646,33.0,6.2,Ms,203.0,,,0.0,NEI,1978121440.0
167,20:28.8,10.16,-104.0,10.0,6.6,Me,242.0,,,1.14,NEI,1995120140.0
168,59:55.7,47.883,48.128,0.0,6.0,Mb,225.0,,,0.0,NEI,1979011740.0
169,31:22.9,-43.4,41.387,10.0,6.3,Mw,122.0,,,1.26,NEI,1998052110.0
170,26:33.8,-9.558,147.959,33.0,6.1,Ms,202.0,,,0.0,NEI,1979030940.0
171,31:07.4,-36.719,78.744,10.0,6.2,Ms,28.0,,,0.0,NEI,1979031940.0
172,00:24.9,-36.007,-102.601,10.0,6.5,Ms,98.0,,,0.0,NEI,1979041440.0
173,23:18.2,42.255,18.752,8.0,6.2,Ms,342.0,,,0.0,NEI,1979052440.0
174,47:58.1,-30.811999999999998,117.179,6.0,6.1,Ms,104.0,,,0.0,NEI,1979060240.0
175,08:14.7,8.093,-38.705,9.0,6.6,Mw,672.0,,,0.95,NEI,2008091040.0
176,04:13.4,10.700999999999999,-42.593999999999994,10.0,6.6,Mw,111.0,14.0,9.0,0.81,NEI,2013062420.0
177,03:25.1,-60.526,-50.303999999999995,10.0,6.2,Ms,69.0,,,0.0,NEI,1979092340.0
178,42:40.0,38.815,-27.78,10.0,6.7,Ms,249.0,,,0.0,NEI,1980010140.0
179,09:29.6,36.516999999999996,76.892,63.0,6.1,Mb,241.0,,,0.0,NEI,1980021340.0
180,02:47.2,30.506,88.583,33.0,6.2,Ms,224.0,,,0.0,NEI,1980022240.0
181,11:17.2,12.115,57.93899999999999,62.4,6.5,Unk,224.0,,,1.04,NEI,1995052640.0
182,08:25.4,37.4597,-118.6072,10.99,6.1,ML,30.0,66.0,13.0,0.08,NC,323.0
183,58:40.8,29.598000000000003,81.092,18.0,6.5,Ms,257.0,,,0.0,NEI,1980072940.0
184,39:09.8,36.221,1.611,10.0,6.2,Mb,187.0,,,0.0,NEI,1980101040.0
185,29:53.8,-52.515,28.016,10.0,6.4,Mw,299.0,,,1.04,NEI,2004092840.0
186,40:51.8,27.73,88.155,50.0,6.9,Mw,383.0,,,0.96,NEI,2011091820.0
187,34:53.8,40.914,15.366,10.0,6.9,Ms,265.0,,,0.0,NEI,1980112340.0
188,06:45.5,-61.091,-55.426,22.0,6.0,Mb,72.0,,,0.0,NEI,1981011840.0
189,56:13.5,-6.41,-81.416,33.0,6.0,Ms,106.0,,,0.0,NEI,1981022840.0
190,37:35.0,-59.732,149.798,10.0,6.1,Ms,39.0,,,1.27,NEI,1985070840.0
191,19:20.1,-11.443,66.277,10.0,6.0,Mb,209.0,,,1.01,NEI,1981100740.0
192,47:34.1,43.542,-127.706,10.0,6.0,Mb,232.0,,,1.22,NEI,1981110340.0
193,58:19.0,-65.65100000000001,-179.574,10.0,6.2,Mw,109.0,,,1.38,NEI,2004071640.0
194,16:25.4,-53.02,-45.966,10.0,6.1,Me,106.0,,,1.05,NEI,2000082140.0
195,13:49.2,8.137,137.239,23.9,6.2,Mb,238.0,,,1.2,NEI,1983121140.0
196,20:06.8,27.929000000000002,136.967,536.0,6.5,Unk,314.0,,,1.04,NEI,1982070440.0
197,28:28.7,49.063,146.59,573.4,6.1,Unk,442.0,,,0.87,NEI,1984020140.0
198,12:48.1,14.700999999999999,44.379,5.0,6.0,Mb,303.0,,,0.0,NEI,1982121340.0
199,35:04.2,-50.066,-114.20100000000001,10.0,6.0,Mw,55.0,,,0.94,NEI,2000022940.0
200,58:51.3,27.793000000000003,62.053999999999995,64.0,6.5,Mb,369.0,,,1.17,NEI,1983041840.0
201,42:38.1,36.2317,-120.31200000000001,10.18,6.7,ML,54.0,137.0,3.0,0.07,NC,10911.0
202,03:18.1,-8.472000000000001,-71.485,572.8,6.1,Unk,555.0,,,0.97,NEI,1993050640.0
203,18:22.1,21.721,103.28200000000001,18.4,6.1,Mb,308.0,,,1.2,NEI,1983062440.0
204,36:21.5,37.588,-17.52,10.0,6.0,Mb,279.0,,,1.09,NEI,1983101740.0
205,06:06.6,44.058,-113.85700000000001,10.0,6.2,Mb,377.0,,,1.14,NEI,1983102840.0
206,12:27.1,40.33,42.187,11.6,6.1,Mb,357.0,,,1.14,NEI,1983103040.0
207,56:07.8,-40.451,155.507,18.5,6.0,Mb,213.0,,,1.02,NEI,1983112540.0
208,11:10.3,-6.825,71.495,10.0,6.0,Mb,272.0,,,0.96,NEI,1984042640.0
209,11:29.2,11.866,-13.529000000000002,11.3,6.4,Mb,343.0,,,0.98,NEI,1983122240.0
210,24:13.6,-2.823,118.806,33.0,6.0,Mb,240.0,,,1.26,NEI,1984010840.0
211,53:46.3,-29.701,-111.98100000000001,10.0,6.1,Mw,227.0,,,1.12,NEI,2011030120.0
212,15:18.8,37.3097,-121.6788,8.53,6.2,ML,98.0,26.0,6.0,0.06,NC,172.0
213,59:57.9,-16.382,173.25900000000001,33.0,6.0,Mw,368.0,,,0.96,NEI,2002042040.0
214,09:44.0,20.357,-115.765,10.0,6.0,Mb,264.0,,,1.18,NEI,1984120240.0
215,06:57.9,-33.053000000000004,-68.467,5.0,6.0,Mb,225.0,,,0.96,NEI,1985012640.0
216,08:02.6,66.3,-149.83,7.0,6.2,ML,0.0,,,,AK,
217,24:57.8,-10.61,41.423,10.0,6.0,Mb,287.0,,,0.9,NEI,1985051440.0
218,16:03.3,62.222,-124.23899999999999,6.0,6.9,Ms,381.0,,,0.91,NEI,1985122340.0
219,49:11.2,-11.109000000000002,125.15899999999999,13.8,6.0,Mb,264.0,,,0.95,NEI,1985102340.0
220,13:44.6,36.681,54.75,52.9,6.0,Mb,330.0,,,0.98,NEI,1985102940.0
221,09:41.3,-35.09,54.272,10.0,6.0,Mb,229.0,,,1.05,NEI,1985122440.0
222,53:39.8,40.203,51.748999999999995,51.4,6.1,Mb,533.0,,,0.98,NEI,1989091740.0
223,06:16.0,-20.19,178.86,538.3,6.7,Unk,508.0,,,0.88,NEI,1986052640.0
224,26:56.6,10.389000000000001,56.832,7.8,6.4,Mb,346.0,,,1.19,NEI,1986070740.0
225,43:00.4,37.724000000000004,101.49600000000001,8.0,6.2,Mb,346.0,,,1.07,NEI,1986082640.0
226,18:37.9,-56.879,-48.76,10.0,6.0,Mb,108.0,,,1.07,NEI,1986122240.0
227,06:07.7,-26.999000000000002,-108.285,10.0,6.3,Ms,291.0,,,1.14,NEI,1987070640.0
228,04:57.9,-19.829,133.882,5.0,6.7,Ms,344.0,,,1.06,NEI,1988012240.0
229,17:31.5,-37.319,47.989,10.0,6.1,Mb,375.0,,,1.09,NEI,1988022640.0
230,31:21.7,77.601,125.45100000000001,10.0,6.0,Mb,421.0,,,0.93,NEI,1988032140.0
231,35:13.4,-26.525,-113.834,10.0,6.6,Mw,265.0,,,1.4,NEI,2004112840.0
232,25:53.1,-11.401,170.658,30.1,6.0,Ms,200.0,,,1.21,NEI,1988051740.0
233,09:09.6,26.755,86.616,57.4,6.6,Ms,555.0,,,1.14,NEI,1988082040.0
234,41:24.2,40.986999999999995,44.185,5.4,6.2,Mb,530.0,,,1.27,NEI,1988120740.0
235,49:45.9,-13.702,34.42,30.3,6.2,Mb,448.0,,,0.88,NEI,1989031040.0
236,13:20.8,30.048000000000002,99.419,7.7,6.2,Mb,441.0,,,0.95,NEI,1989042540.0
237,59:54.1,57.166000000000004,121.976,26.3,6.1,Mb,545.0,,,0.9,NEI,1989042040.0
238,04:09.8,21.861,89.76299999999999,5.8,6.1,Mb,412.0,,,0.93,NEI,1989061240.0
239,25:56.5,11.904000000000002,41.824,11.7,6.2,Mb,426.0,,,0.98,NEI,1989082040.0
240,24:32.7,60.08,-73.445,5.1,6.2,Mb,465.0,,,0.8,NEI,1989122540.0
241,13:05.7,61.8563,-158.3372,49.0,6.1,ML,20.0,,,24.3,AK,
242,50:08.7,49.037,141.847,605.7,6.8,Unk,697.0,,,0.84,NEI,1990051240.0
243,23:09.6,-40.296,176.06400000000002,20.6,6.3,Ms,395.0,,,1.15,NEI,1990051340.0
244,00:08.2,5.358,31.848000000000003,16.0,7.0,Ms,404.0,,,1.04,NEI,1990052440.0
245,15:06.1,47.963,84.961,33.4,6.0,Mb,553.0,,,0.97,NEI,1990080340.0
246,13:04.8,-27.487,-104.266,10.5,6.0,Mb,294.0,,,0.96,NEI,1990082140.0
247,30:13.2,-10.97,-70.77600000000001,598.8,6.8,Unk,608.0,,,1.02,NEI,1990101740.0
248,20:48.9,-13.761,66.248,10.0,6.0,Mw,190.0,,,1.25,NEI,1997092510.0
249,35:34.1,58.427,-175.45,20.2,6.5,Ms,472.0,,,0.97,NEI,1991022140.0
250,28:03.9,60.873999999999995,167.007,10.0,6.1,Mb,54.0,,,1.1,NEI,2006042040.0
251,19:49.6,-13.107999999999999,-72.187,104.5,6.5,Unk,449.0,,,1.17,NEI,1991070640.0
252,05:28.3,-17.91,-116.001,8.5,6.0,Mb,384.0,,,0.99,NEI,1991090340.0
253,20:32.8,33.376999999999995,71.317,16.3,6.0,Mb,432.0,,,1.07,NEI,1992052040.0
254,55:04.2,19.613,-77.872,23.1,6.9,Ms,492.0,,,0.94,NEI,1992052540.0
255,12:57.5,42.1,73.543,33.0,6.1,Mb,61.0,,,1.23,NEI,1992081940.0
256,06:51.7,-1.41,-14.921,7.0,6.2,Mw,376.0,,,1.49,NEI,2007050440.0
257,57:26.5,-6.087000000000001,26.651,10.8,6.7,Mb,642.0,,,0.98,NEI,1992091140.0
258,22:40.7,-6.817,143.80700000000002,10.0,6.6,Mw,356.0,,,1.07,NEI,2000030340.0
259,39:26.2,38.649,133.465,448.3,6.6,Unk,657.0,,,0.94,NEI,1993011940.0
260,50:13.4,19.072,-26.476,12.0,6.2,Ms,602.0,,,0.91,NEI,1993052940.0
261,53:03.8,-24.601,-111.88799999999999,10.0,6.1,Ms,124.0,,,1.07,NEI,1993070640.0
262,41:55.6,7.414,-72.033,11.6,6.3,Mb,487.0,,,0.91,NEI,1994053140.0
263,16:09.5,-54.43899999999999,-119.333,10.0,6.0,Ms,153.0,,,1.2,NEI,1993072240.0
264,45:35.2,42.3575,-122.0583,10.3,6.0,Mc,17.0,128.0,77.0,0.08,UW,
265,37:33.0,-53.651,-51.621,33.0,6.6,Ms,189.0,,,1.19,NEI,1993092740.0
266,25:48.6,18.066,76.45100000000001,6.8,6.3,Mb,625.0,,,0.98,NEI,1993092940.0
267,42:32.7,38.19,88.663,14.1,6.3,Ms,556.0,,,1.12,NEI,1993100240.0
268,53:41.5,-13.74,-68.788,586.0,6.7,Me,488.0,,,0.91,NEI,1997112810.0
269,34:10.0,0.593,30.037,14.2,6.0,Ms,413.0,,,1.14,NEI,1994020540.0
270,16:26.9,-10.786,-128.798,15.0,6.6,Ms,373.0,,,1.3,NEI,1994021240.0
271,02:04.7,30.853,60.596000000000004,6.0,6.1,Ms,510.0,,,1.0,NEI,1994022340.0
272,30:07.7,-1.083,-23.929000000000002,10.0,6.0,Mb,156.0,,,1.34,NEI,1994031440.0
273,00:35.8,36.900999999999996,67.163,18.5,6.0,Mb,460.0,,,1.07,NEI,1994050140.0
274,25:31.3,-7.977,30.709,34.0,6.5,Me,415.0,,,1.13,NEI,2000100240.0
275,20:18.7,22.528000000000002,118.711,13.1,6.7,Ms,525.0,,,1.16,NEI,1994091640.0
276,33:58.2,-5.731,110.36399999999999,628.2,6.0,Unk,298.0,,,0.94,NEI,1994092840.0
277,15:16.2,-39.187,-70.811,161.8,6.0,Unk,279.0,,,1.04,NEI,1994102040.0
278,16:03.3,-57.193000000000005,157.858,24.7,6.1,Ms,202.0,,,1.24,NEI,1994110540.0
279,46:52.1,34.583,135.018,21.9,6.8,Ms,503.0,,,1.0,NEI,1995011640.0
280,05:03.4,5.05,-72.916,17.3,6.6,Ms,607.0,,,0.95,NEI,1995011940.0
281,45:58.7,16.562,-59.559,8.1,6.3,Mb,637.0,,,0.81,NEI,1995030840.0
282,36:28.7,21.968000000000004,142.83,241.1,6.2,Me,244.0,,,0.9,NEI,1996070610.0
283,16:07.0,1.393,-85.169,6.0,6.1,Mw,299.0,,,0.97,NEI,2009051040.0
284,03:52.6,52.629,142.827,11.0,7.5,Ms,599.0,,,0.95,NEI,1995052740.0
285,51:18.9,-12.59,79.22800000000001,16.2,6.2,Mb,482.0,,,0.81,NEI,1995072740.0
286,44:25.4,4.041,143.77,12.6,6.2,Mw,182.0,,,1.33,NEI,1995080740.0
287,41:45.3,-35.288000000000004,-106.266,8.4,6.0,Mw,202.0,,,1.14,NEI,1995101240.0
288,30:53.0,26.241,101.889,11.0,6.0,Mw,373.0,,,0.98,NEI,2008083040.0
289,15:11.9,28.826,34.799,10.0,7.2,Mw,542.0,,,1.29,NEI,1995112240.0
290,25:56.4,-4.651,-105.37899999999999,10.0,6.0,Mw,132.0,,,1.21,NEI,2002061740.0
291,32:47.1,40.774,109.661,26.0,6.0,Mw,268.0,,,1.0,NEI,1996050310.0
292,32:13.5,-53.773999999999994,8.8,10.0,6.4,Mw,88.0,,,1.5,NEI,1996062210.0
293,47:12.9,75.82,134.619,10.0,6.2,Mw,271.0,,,1.2,NEI,1996062210.0
294,49:59.7,58.62,157.752,10.0,6.4,Me,254.0,,,1.0,NEI,1996070710.0
295,00:41.9,36.147,27.103,33.0,6.2,Me,279.0,,,1.0,NEI,1996072010.0
296,10:52.1,34.556,32.126,33.0,6.8,Mw,482.0,,,0.98,NEI,1996100920.0
297,31:53.9,66.986,-173.229,19.9,6.1,Me,411.0,,,0.99,NEI,1996102420.0
298,16:13.4,19.917,95.67200000000001,10.0,6.6,Mw,518.0,,,0.92,NEI,2003092140.0
299,44:46.1,35.345,78.133,33.0,6.9,Mw,339.0,,,1.12,NEI,1996111910.0
300,28:48.6,29.85,-42.855,10.0,6.0,Mw,340.0,,,1.13,NEI,1996120910.0
301,53:14.7,24.894000000000002,92.25,34.9,6.0,Me,297.0,,,0.96,NEI,1997050810.0
302,24:19.2,-35.051,-108.836,10.0,6.1,Mw,256.0,,,0.93,NEI,2007041340.0
303,20:31.0,-16.012999999999998,124.329,10.0,6.3,Mw,269.0,,,0.8,NEI,1997081010.0
304,40:26.3,43.083999999999996,12.812000000000001,10.0,6.0,Ms,348.0,,,1.32,NEI,1997092610.0
305,23:06.3,22.212,92.70200000000001,54.4,6.1,Me,362.0,,,0.97,NEI,1997112110.0
306,27:50.5,-2.5980000000000003,68.382,10.0,7.6,Me,522.0,,,0.98,NEI,2003071540.0
307,50:29.4,80.324,-1.8530000000000002,9.0,6.5,Mw,341.0,,,0.9,NEI,2009030640.0
308,17:22.5,-63.611999999999995,147.937,10.0,6.5,Mw,225.0,,,0.89,NEI,1998032520.0
309,48:50.4,-17.730999999999998,-65.431,24.0,6.6,Me,226.0,,,1.36,NEI,1998052210.0
310,55:52.1,36.878,35.306999999999995,33.0,6.3,Mw,409.0,,,1.31,NEI,1998062710.0
311,41:13.1,13.738,-45.565,10.0,6.0,Mw,310.0,,,1.06,NEI,1998100110.0
312,00:08.5,-26.463,74.476,10.0,6.3,Me,405.0,,,0.8,NEI,1999012410.0
313,35:32.1,51.607,104.15799999999999,16.0,6.3,Mw,621.0,,,0.8,NEI,2008082740.0
314,16:02.2,55.896,110.214,10.0,6.0,Mw,311.0,,,0.88,NEI,1999032110.0
315,00:40.9,-36.102,-110.64,10.0,6.0,Mw,68.0,,,0.81,NEI,1999051140.0
316,57:19.5,40.758,31.160999999999998,10.0,7.2,Mw,484.0,,,1.11,NEI,1999111220.0
317,46:13.5,3.103,65.855,10.0,6.0,Me,286.0,,,1.06,NEI,1999082940.0
318,42:43.2,-1.339,88.976,10.0,7.0,Mw,457.0,,,0.99,NEI,1999111520.0
319,33:21.7,17.759,-81.55,25.2,6.0,Mw,450.0,,,0.82,NEI,2004090940.0
320,07:51.5,-4.586,122.771,8.0,6.1,Mw,204.0,,,1.48,NEI,2011042420.0
321,23:23.5,28.776999999999997,63.951,68.0,7.2,Mw,372.0,,,1.3,NEI,2011011840.0
322,41:49.8,40.693000000000005,32.992,10.0,6.0,Mw,418.0,,,1.04,NEI,2000060640.0
323,51:46.9,63.98,-20.758000000000003,10.0,6.5,Mw,351.0,,,0.9,NEI,2000062140.0
324,44:13.3,-13.802,97.45299999999999,10.0,7.9,Mw,405.0,,,1.16,NEI,2000061840.0
325,39:11.7,31.732,-40.958,10.0,6.1,Mw,351.0,,,0.96,NEI,2000100540.0
326,30:19.1,35.455999999999996,133.134,10.0,6.7,Mw,390.0,,,1.02,NEI,2000100640.0
327,35:59.1,-47.347,-12.402999999999999,10.0,6.0,Mw,63.0,,,1.24,NEI,2000102140.0
328,13:24.3,-7.872999999999999,135.816,61.7,6.0,Mw,129.0,,,0.89,NEI,2000122340.0
329,16:40.5,23.419,70.232,16.0,7.7,Mw,472.0,,,1.25,NEI,2001012640.0
330,16:59.2,-19.691,177.39,10.0,6.2,Mw,192.0,,,1.07,NEI,2001021440.0
331,49:47.0,54.8,-134.25,20.0,6.8,Mw,772.0,,,0.0,PGC,2004062840.0
332,54:32.8,47.148999999999994,-122.7267,51.9,6.8,Mc,66.0,31.0,8.0,0.2,UW,
333,45:43.0,-7.04,-12.618,10.0,6.0,Mw,181.0,,,1.2,NEI,2011081020.0
334,54:50.0,-9.05,110.365,25.0,6.0,Mw,237.0,,,1.13,NEI,2006092140.0
335,25:54.1,0.889,82.501,10.0,6.1,Mw,281.0,,,0.96,NEI,2001090240.0
336,29:09.9,19.354,-64.932,33.0,6.0,Mw,215.0,,,0.87,NEI,2001101740.0
337,47:36.5,22.371,-106.973,33.0,6.1,Mw,263.0,,,1.23,NEI,2001111340.0
338,26:10.0,35.946,90.541,10.0,7.8,Mw,368.0,,,1.07,NEI,2001111440.0
339,02:35.0,-42.813,124.68799999999999,10.0,7.1,Mw,255.0,,,0.97,NEI,2001121240.0
340,04:22.5,-28.936999999999998,-66.797,22.2,6.0,Mw,354.0,,,0.98,NEI,2002052840.0
341,53:48.5,-0.879,148.33,10.0,6.3,Mw,169.0,,,1.22,NEI,2002060640.0
342,58:21.3,35.626,49.047,10.0,6.5,Mw,555.0,,,1.11,NEI,2002062240.0
343,21:28.6,38.381,13.700999999999999,5.0,6.0,Mw,528.0,,,0.0,ROM,2002090640.0
344,08:29.6,23.324,-108.53,10.0,6.5,Mw,265.0,,,1.37,NEI,2002100340.0
345,23:58.8,-42.038999999999994,88.37899999999999,10.0,6.0,Mw,53.0,,,1.03,NEI,2002100840.0
346,08:38.0,-1.8840000000000001,29.004,11.0,6.2,Mw,345.0,,,1.05,NEI,2002102440.0
347,58:31.8,-56.051,-36.404,10.0,6.6,Mw,202.0,,,1.48,NEI,2002111540.0
348,46:11.4,16.957,-85.57799999999999,33.0,6.0,Mw,288.0,,,0.91,NEI,2002122340.0
349,42:56.3,-36.958,-20.879,10.0,6.2,Mw,298.0,,,0.95,NEI,2003030240.0
350,22:02.6,37.565,95.833,19.0,6.3,Mw,432.0,,,0.86,NEI,2008111040.0
351,03:35.9,18.266,-58.633,41.5,6.7,Mw,722.0,,,0.72,NEI,2003051440.0
352,44:20.1,36.964,3.634,12.0,6.8,Mw,534.0,,,1.13,NEI,2003052140.0
353,37:45.8,-1.528,149.694,24.0,6.4,Mw,604.0,,,0.71,NEI,2003072540.0
354,37:20.1,-60.532,-43.411,10.0,7.6,Mw,315.0,,,1.09,NEI,2003080440.0
355,52:47.0,50.091,87.765,10.0,6.4,Mw,656.0,,,0.93,NEI,2003092741.0
356,41:48.0,-61.028999999999996,-34.371,13.0,7.0,Mw,322.0,,,1.01,NEI,2006082040.0
357,55:28.8,-16.526,-170.192,10.0,6.2,Mw,450.0,,,0.89,NEI,2003100740.0
358,32:47.8,-36.696,53.352,5.3,6.2,Mw,410.0,,,0.88,NEI,2004011140.0
359,27:46.2,35.141999999999996,-3.997,0.0,6.4,Mw,786.0,,,0.0,MDD,2004022440.0
360,47:29.2,33.954,89.179,8.0,6.0,Mw,455.0,,,0.77,NEI,2004032740.0
361,38:44.5,36.29,51.61,17.0,6.3,Mw,732.0,,,0.92,NEI,2004052840.0
362,54:33.8,-25.055,-115.964,10.0,6.0,Mw,185.0,,,1.08,NEI,2004070840.0
363,46:12.6,-20.252,-126.928,12.0,6.1,Mw,351.0,,,0.94,NEI,2004071140.0
364,35:19.1,-2.427,103.98100000000001,582.1,7.3,Mw,641.0,,,0.85,NEI,2004072540.0
365,03:10.3,-63.563,-166.666,10.0,6.0,Mw,91.0,,,1.33,NEI,2004080140.0
366,21:43.4,84.948,99.391,10.0,6.3,Mw,641.0,,,0.91,NEI,2005030640.0
367,52:36.6,78.607,6.098,10.0,6.1,Mw,473.0,,,0.92,NEI,2005040240.0
368,19:56.6,-6.224,29.83,22.0,6.8,Mw,561.0,,,0.98,NEI,2005120540.0
369,19:07.8,-21.324,33.583,11.0,7.0,Mw,412.0,,,1.37,NEI,2006022240.0
370,34:31.2,-60.2627,-47.0621,9.97,6.9,Mw,,17.0,8.0,0.84,us,2013111620.0
371,17:01.0,33.5,48.78,7.0,6.1,Mw,586.0,,,1.06,NEI,2006033140.0
372,28:02.1,33.028,-39.702,9.0,6.0,Mw,522.0,,,0.87,NEI,2006061840.0
373,18:49.8,10.125,58.708,8.0,6.2,Mw,396.0,,,0.89,NEI,2007011740.0
374,35:22.7,35.804,-10.312000000000001,20.0,6.0,Mw,697.0,,,1.01,NEI,2007021240.0
375,11:52.1,26.581,-44.593999999999994,10.0,6.0,Mw,387.0,,,0.99,NEI,2007030140.0
376,49:35.9,-45.382,-73.058,4.9,6.1,Mw,204.0,,,0.0,GUC,2007040240.0
377,56:50.5,37.306,-24.621,14.0,6.3,Mw,627.0,,,0.82,NEI,2007040540.0
378,24:49.0,-61.828,160.96,10.0,6.0,Mw,73.0,,,1.36,NEI,2007041240.0
379,55:12.0,20.686999999999998,99.822,8.0,6.8,Mw,335.0,,,1.1,NEI,2011032420.0
380,17:37.3,36.808,134.85,350.4,6.8,Mw,664.0,,,0.73,NEI,2007071640.0
381,49:11.8,2.966,-77.96300000000001,15.0,6.8,Me,653.0,,,0.89,NEI,2007091040.0
382,06:38.9,-57.625,-147.303,10.0,6.0,Mw,99.0,,,1.38,NEI,2007091341.0
383,43:32.8,11.142999999999999,145.999,13.0,6.3,Mw,443.0,,,0.89,NEI,2010071040.0
384,26:45.5,32.288000000000004,85.166,10.0,6.4,Mw,485.0,,,0.89,NEI,2008010940.0
385,46:18.2,77.079,18.570999999999998,12.0,6.1,Mw,637.0,,,0.81,NEI,2008022140.0
386,16:02.7,41.153,-114.867,6.7,6.0,Mw,518.0,,,0.0,REN,2008022141.0
387,16:46.9,-38.844,-91.62299999999999,10.0,6.0,Mw,143.0,,,0.97,NEI,2008060540.0
388,56:30.0,67.69800000000001,141.276,18.0,6.1,Mw,605.0,,,0.86,NEI,2008062240.0
389,30:45.6,29.807,90.35,12.0,6.3,Mw,434.0,,,0.99,NEI,2008100640.0
390,15:41.1,-9.02,-108.24600000000001,10.0,6.1,Mw,241.0,,,1.12,NEI,2008103040.0
391,39:09.5,-53.005,106.823,11.0,6.3,Mw,365.0,,,0.95,NEI,2008120840.0
392,11:46.7,75.351,-72.453,19.0,6.1,Mw,347.0,,,1.0,NEI,2009070740.0
393,35:04.4,72.2,0.9440000000000001,6.0,6.0,Mw,465.0,,,0.93,NEI,2009082040.0
394,06:25.5,10.709000000000001,-67.92699999999999,14.0,6.4,Mw,508.0,,,1.24,NEI,2009091240.0
395,53:05.9,27.331999999999997,91.43700000000001,14.0,6.1,Mw,259.0,,,0.98,NEI,2009092140.0
396,48:21.9,3.272,-103.823,10.0,6.0,Mw,305.0,,,0.96,NEI,2009101540.0
397,04:46.2,-59.955,-65.163,10.0,6.0,Mw,192.0,,,1.11,NEI,2009102740.0
398,19:15.5,-10.107999999999999,33.818000000000005,6.0,6.0,Mw,301.0,,,1.05,NEI,2009121940.0
399,23:24.0,-59.401,-150.975,10.0,6.0,Mw,44.0,,,1.3,NEI,2009123140.0
400,53:10.1,18.442999999999998,-72.571,13.0,7.0,Mw,500.0,,,0.97,NEI,2010011240.0
401,45:37.0,-24.872,-65.602,10.0,6.3,Mw,376.0,,,0.0,SJA,2010022742.0
402,05:24.6,-16.236,-115.296,18.0,6.3,Mw,448.0,,,0.9,NEI,2010030740.0
403,08:12.8,36.965,-3.542,609.8,6.3,Mw,588.0,,,0.0,MDD,2010041140.0
404,25:15.6,33.195,96.449,7.6,6.1,Mw,251.0,,,0.87,NEI,2010041440.0
405,16:28.6,60.478,-177.65,14.9,6.3,Mw,302.0,,,0.78,NEI,2010043040.0
406,10:14.6,54.08,123.72200000000001,12.0,6.1,Mw,499.0,,,0.76,NEI,2011101420.0
407,32:00.4,19.831,-109.205,10.0,6.3,Mw,401.0,,,1.03,NEI,2011110120.0
408,48:16.3,-15.364,-65.09,549.9,6.6,Mw,832.0,,,0.8,NEI,2011112220.0
409,21:56.8,51.842,95.911,15.0,6.6,Mw,545.0,,,0.81,NEI,2011122720.0
410,27:56.8,1.254,91.735,10.0,6.0,Mb,205.0,,,1.05,NEI,2012041120.0
411,57:40.1,2.5810000000000004,90.26899999999999,25.0,6.2,Mw,322.0,,,0.91,NEI,2012041520.0
412,03:52.0,44.89,11.23,6.3,6.1,Mw,729.0,,,0.0,ROM,2012052020.0
413,47:46.8,72.96,5.683,10.0,6.2,Mw,579.0,,,1.18,NEI,2012052420.0
414,07:33.9,43.433,84.7,18.0,6.3,Mw,526.0,,,0.94,NEI,2012062920.0
415,36:15.5,-40.023,173.75599999999997,229.8,6.3,Mw,462.0,,,0.0,WEL,2012070320.0
416,31:26.8,-45.761,-77.053,9.0,6.1,Mw,208.0,,,1.06,NEI,2012111310.0
417,36:02.0,31.213,-119.56,11.3,6.4,Mw,589.0,,,1.03,NEI,2012121410.0
418,09:37.1,-62.571000000000005,-161.43200000000002,10.0,6.1,Mw,75.0,40.0,,1.13,NEI,2013011520.0
419,08:08.5,26.56,57.77,15.0,6.1,Mw,351.0,32.0,1.0,0.0,NEI,2013051120.0
420,54:41.9,-27.7953,179.6722,488.61,6.1,Mw,136.0,31.0,3.0,1.48,NEI,2013082820.0
421,01:36.4,15.1836,-45.232,10.0,6.0,Mw,,24.0,14.0,0.8,us,2013090520.0
422,34:06.4,27.1825,65.5052,12.0,6.8,Mw,,17.0,7.0,0.91,us,2013092820.0
423,27:34.0,-53.8813,-54.8821,10.0,7.0,Mw,,31.0,3.0,1.11,us,2013112520.0
424,01:04.7,19.0014,-66.8478,28.0,6.4,Mw,,21.0,1.0,1.42,us,2014011320.0
